ID,Date,Value
0,40909,2.3174
1,40910,2.3178
2,40911,2.3181
3,40912,2.3184
4,40913,2.3187
5,40914,2.3192
6,40915,2.3197
7,40916,2.3203
8,40917,2.3208
9,40918,2.3213
10,40919,2.3218
11,40920,2.3224
12,40921,2.3229
13,40922,2.3234
14,40923,2.3239
15,40924,2.3244
16,40925,2.325
17,40926,2.3255
18,40927,2.326
19,40928,2.3265
20,40929,2.3271
21,40930,2.3276
22,40931,2.3281
23,40932,2.3286
24,40933,2.3292
25,40934,2.3297
26,40935,2.3302
27,40936,2.3307
28,40937,2.3313
29,40938,2.3318
30,40939,2.3323
31,40940,2.3328
32,40941,2.3334
33,40942,2.3339
34,40943,2.3344
35,40944,2.3349
36,40945,2.3355
37,40946,2.3361
38,40947,2.3367
39,40948,2.3373
40,40949,2.3379
41,40950,2.3385
42,40951,2.3391
43,40952,2.3397
44,40953,2.3402
45,40954,2.3408
46,40955,2.3414
47,40956,2.342
48,40957,2.3426
49,40958,2.3432
50,40959,2.3438
51,40960,2.3444
52,40961,2.345
53,40962,2.3456
54,40963,2.3462
55,40964,2.3468
56,40965,2.3474
57,40966,2.348
58,40967,2.3486
59,40968,2.3492
60,40969,2.3498
61,40970,2.3504
62,40971,2.351
63,40972,2.3516
64,40973,2.3522
65,40974,2.3528
66,40975,2.3535
67,40976,2.3541
68,40977,2.3547
69,40978,2.3553
70,40979,2.356
71,40980,2.3566
72,40981,2.3572
73,40982,2.3579
74,40983,2.3585
75,40984,2.3591
76,40985,2.3597
77,40986,2.3604
78,40987,2.361
79,40988,2.3616
80,40989,2.3623
81,40990,2.3629
82,40991,2.3635
83,40992,2.3641
84,40993,2.3648
85,40994,2.3654
86,40995,2.366
87,40996,2.3667
88,40997,2.3673
89,40998,2.3679
90,40999,2.3686
91,41000,2.3692
92,41001,2.3698
93,41002,2.3705
94,41003,2.3711
95,41004,2.3717
96,41005,2.3725
97,41006,2.3733
98,41007,2.374
99,41008,2.3748
100,41009,2.3756
101,41010,2.3764
102,41011,2.3772
103,41012,2.3779
104,41013,2.3787
105,41014,2.3795
106,41015,2.3803
107,41016,2.3811
108,41017,2.3818
109,41018,2.3826
110,41019,2.3834
111,41020,2.3842
112,41021,2.385
113,41022,2.3858
114,41023,2.3865
115,41024,2.3873
116,41025,2.3881
117,41026,2.3889
118,41027,2.3897
119,41028,2.3905
120,41029,2.3913
121,41030,2.392
122,41031,2.3928
123,41032,2.3936
124,41033,2.3944
125,41034,2.3952
126,41035,2.3958
127,41036,2.3965
128,41037,2.3971
129,41038,2.3977
130,41039,2.3984
131,41040,2.399
132,41041,2.3996
133,41042,2.4003
134,41043,2.4009
135,41044,2.4015
136,41045,2.4022
137,41046,2.4028
138,41047,2.4034
139,41048,2.4041
140,41049,2.4047
141,41050,2.4053
142,41051,2.406
143,41052,2.4066
144,41053,2.4072
145,41054,2.4079
146,41055,2.4085
147,41056,2.4091
148,41057,2.4098
149,41058,2.4104
150,41059,2.411
151,41060,2.4117
152,41061,2.4123
153,41062,2.4129
154,41063,2.4136
155,41064,2.4142
156,41065,2.4148
157,41066,2.4151
158,41067,2.4154
159,41068,2.4157
160,41069,2.4161
161,41070,2.4164
162,41071,2.4167
163,41072,2.417
164,41073,2.4173
165,41074,2.4176
166,41075,2.4179
167,41076,2.4182
168,41077,2.4186
169,41078,2.4189
170,41079,2.4192
171,41080,2.4195
172,41081,2.4198
173,41082,2.4201
174,41083,2.4204
175,41084,2.4208
176,41085,2.4211
177,41086,2.4214
178,41087,2.4217
179,41088,2.422
180,41089,2.4223
181,41090,2.4226
182,41091,2.423
183,41092,2.4233
184,41093,2.4236
185,41094,2.4239
186,41095,2.4242
187,41096,2.4244
188,41097,2.4247
189,41098,2.4249
190,41099,2.4251
191,41100,2.4254
192,41101,2.4256
193,41102,2.4258
194,41103,2.4261
195,41104,2.4263
196,41105,2.4265
197,41106,2.4268
198,41107,2.427
199,41108,2.4272
200,41109,2.4275
201,41110,2.4277
202,41111,2.428
203,41112,2.4282
204,41113,2.4284
205,41114,2.4287
206,41115,2.4289
207,41116,2.4291
208,41117,2.4294
209,41118,2.4296
210,41119,2.4298
211,41120,2.4301
212,41121,2.4303
213,41122,2.4305
214,41123,2.4308
215,41124,2.431
216,41125,2.4312
217,41126,2.4315
218,41127,2.4317
219,41128,2.4319
220,41129,2.4321
221,41130,2.4323
222,41131,2.4326
223,41132,2.4328
224,41133,2.433
225,41134,2.4332
226,41135,2.4334
227,41136,2.4336
228,41137,2.4338
229,41138,2.434
230,41139,2.4343
231,41140,2.4345
232,41141,2.4347
233,41142,2.4349
234,41143,2.4351
235,41144,2.4353
236,41145,2.4355
237,41146,2.4357
238,41147,2.4359
239,41148,2.4362
240,41149,2.4364
241,41150,2.4366
242,41151,2.4368
243,41152,2.437
244,41153,2.4372
245,41154,2.4374
246,41155,2.4376
247,41156,2.4379
248,41157,2.4381
249,41158,2.4389
250,41159,2.4396
251,41160,2.4404
252,41161,2.4411
253,41162,2.4419
254,41163,2.4426
255,41164,2.4434
256,41165,2.4441
257,41166,2.4449
258,41167,2.4456
259,41168,2.4464
260,41169,2.4471
261,41170,2.4479
262,41171,2.4487
263,41172,2.4494
264,41173,2.4502
265,41174,2.4509
266,41175,2.4517
267,41176,2.4524
268,41177,2.4532
269,41178,2.4539
270,41179,2.4547
271,41180,2.4555
272,41181,2.4562
273,41182,2.457
274,41183,2.4577
275,41184,2.4585
276,41185,2.4593
277,41186,2.46
278,41187,2.4608
279,41188,2.4618
280,41189,2.4627
281,41190,2.4637
282,41191,2.4646
283,41192,2.4656
284,41193,2.4665
285,41194,2.4675
286,41195,2.4684
287,41196,2.4694
288,41197,2.4704
289,41198,2.4713
290,41199,2.4723
291,41200,2.4732
292,41201,2.4742
293,41202,2.4752
294,41203,2.4761
295,41204,2.4771
296,41205,2.478
297,41206,2.479
298,41207,2.48
299,41208,2.4809
300,41209,2.4819
301,41210,2.4829
302,41211,2.4838
303,41212,2.4848
304,41213,2.4857
305,41214,2.4867
306,41215,2.4877
307,41216,2.4886
308,41217,2.4896
309,41218,2.4906
310,41219,2.4915
311,41220,2.4925
312,41221,2.4934
313,41222,2.4944
314,41223,2.4954
315,41224,2.4963
316,41225,2.4973
317,41226,2.4982
318,41227,2.4992
319,41228,2.5001
320,41229,2.5011
321,41230,2.502
322,41231,2.503
323,41232,2.5039
324,41233,2.5049
325,41234,2.5058
326,41235,2.5068
327,41236,2.5077
328,41237,2.5087
329,41238,2.5097
330,41239,2.5106
331,41240,2.5116
332,41241,2.5125
333,41242,2.5135
334,41243,2.5144
335,41244,2.5154
336,41245,2.5164
337,41246,2.5173
338,41247,2.5183
339,41248,2.5192
340,41249,2.5195
341,41250,2.5198
342,41251,2.5201
343,41252,2.5203
344,41253,2.5206
345,41254,2.5209
346,41255,2.5212
347,41256,2.5215
348,41257,2.5218
349,41258,2.522
350,41259,2.5223
351,41260,2.5226
352,41261,2.5229
353,41262,2.5232
354,41263,2.5235
355,41264,2.5237
356,41265,2.524
357,41266,2.5243
358,41267,2.5246
359,41268,2.5249
360,41269,2.5252
361,41270,2.5255
362,41271,2.5257
363,41272,2.526
364,41273,2.5263
365,41274,2.5266
366,41275,2.5269
367,41276,2.5272
368,41277,2.5274
369,41278,2.5277
370,41279,2.528
371,41280,2.5274
372,41281,2.5268
373,41282,2.5262
374,41283,2.5256
375,41284,2.525
376,41285,2.5244
377,41286,2.5238
378,41287,2.5232
379,41288,2.5226
380,41289,2.522
381,41290,2.5214
382,41291,2.5208
383,41292,2.5202
384,41293,2.5196
385,41294,2.5191
386,41295,2.5185
387,41296,2.5179
388,41297,2.5173
389,41298,2.5167
390,41299,2.5161
391,41300,2.5155
392,41301,2.5149
393,41302,2.5143
394,41303,2.5137
395,41304,2.5131
396,41305,2.5125
397,41306,2.5119
398,41307,2.5113
399,41308,2.5107
400,41309,2.5101
401,41310,2.5095
402,41311,2.5112
403,41312,2.5129
404,41313,2.5146
405,41314,2.5163
406,41315,2.5179
407,41316,2.5196
408,41317,2.5213
409,41318,2.523
410,41319,2.5247
411,41320,2.5264
412,41321,2.5281
413,41322,2.5298
414,41323,2.5315
415,41324,2.5332
416,41325,2.5349
417,41326,2.5366
418,41327,2.5383
419,41328,2.54
420,41329,2.5418
421,41330,2.5435
422,41331,2.5452
423,41332,2.5469
424,41333,2.5486
425,41334,2.5503
426,41335,2.552
427,41336,2.5537
428,41337,2.5555
429,41338,2.5572
430,41339,2.558
431,41340,2.5588
432,41341,2.5596
433,41342,2.5605
434,41343,2.5613
435,41344,2.5621
436,41345,2.5629
437,41346,2.5637
438,41347,2.5645
439,41348,2.5653
440,41349,2.5662
441,41350,2.567
442,41351,2.5678
443,41352,2.5686
444,41353,2.5694
445,41354,2.5702
446,41355,2.5711
447,41356,2.5719
448,41357,2.5727
449,41358,2.5735
450,41359,2.5743
451,41360,2.5751
452,41361,2.576
453,41362,2.5768
454,41363,2.5776
455,41364,2.5784
456,41365,2.5792
457,41366,2.5801
458,41367,2.5809
459,41368,2.5817
460,41369,2.5825
461,41370,2.5831
462,41371,2.5836
463,41372,2.5842
464,41373,2.5848
465,41374,2.5853
466,41375,2.5859
467,41376,2.5865
468,41377,2.587
469,41378,2.5876
470,41379,2.5882
471,41380,2.5887
472,41381,2.5893
473,41382,2.5899
474,41383,2.5904
475,41384,2.591
476,41385,2.5916
477,41386,2.5921
478,41387,2.5927
479,41388,2.5933
480,41389,2.5939
481,41390,2.5944
482,41391,2.595
483,41392,2.5956
484,41393,2.5961
485,41394,2.5967
486,41395,2.5973
487,41396,2.5978
488,41397,2.5984
489,41398,2.599
490,41399,2.5995
491,41400,2.5999
492,41401,2.6003
493,41402,2.6006
494,41403,2.601
495,41404,2.6014
496,41405,2.6018
497,41406,2.6021
498,41407,2.6025
499,41408,2.6029
500,41409,2.6033
501,41410,2.6036
502,41411,2.604
503,41412,2.6044
504,41413,2.6048
505,41414,2.6052
506,41415,2.6055
507,41416,2.6059
508,41417,2.6063
509,41418,2.6067
510,41419,2.607
511,41420,2.6074
512,41421,2.6078
513,41422,2.6082
514,41423,2.6086
515,41424,2.6089
516,41425,2.6093
517,41426,2.6097
518,41427,2.6101
519,41428,2.6104
520,41429,2.6108
521,41430,2.6112
522,41431,2.6115
523,41432,2.6118
524,41433,2.612
525,41434,2.6123
526,41435,2.6126
527,41436,2.6129
528,41437,2.6131
529,41438,2.6134
530,41439,2.6137
531,41440,2.614
532,41441,2.6143
533,41442,2.6145
534,41443,2.6148
535,41444,2.6151
536,41445,2.6154
537,41446,2.6157
538,41447,2.6159
539,41448,2.6162
540,41449,2.6165
541,41450,2.6168
542,41451,2.617
543,41452,2.6173
544,41453,2.6176
545,41454,2.6179
546,41455,2.6182
547,41456,2.6184
548,41457,2.6187
549,41458,2.619
550,41459,2.6193
551,41460,2.6196
552,41461,2.62
553,41462,2.6203
554,41463,2.6207
555,41464,2.6211
556,41465,2.6214
557,41466,2.6218
558,41467,2.6221
559,41468,2.6225
560,41469,2.6229
561,41470,2.6232
562,41471,2.6236
563,41472,2.624
564,41473,2.6243
565,41474,2.6247
566,41475,2.625
567,41476,2.6254
568,41477,2.6258
569,41478,2.6261
570,41479,2.6265
571,41480,2.6269
572,41481,2.6272
573,41482,2.6276
574,41483,2.628
575,41484,2.6283
576,41485,2.6287
577,41486,2.629
578,41487,2.6294
579,41488,2.6298
580,41489,2.6301
581,41490,2.6305
582,41491,2.6309
583,41492,2.6316
584,41493,2.6322
585,41494,2.6329
586,41495,2.6335
587,41496,2.6342
588,41497,2.6348
589,41498,2.6355
590,41499,2.6361
591,41500,2.6368
592,41501,2.6374
593,41502,2.6381
594,41503,2.6387
595,41504,2.6394
596,41505,2.64
597,41506,2.6407
598,41507,2.6413
599,41508,2.642
600,41509,2.6426
601,41510,2.6433
602,41511,2.644
603,41512,2.6446
604,41513,2.6453
605,41514,2.6459
606,41515,2.6466
607,41516,2.6472
608,41517,2.6479
609,41518,2.6485
610,41519,2.6492
611,41520,2.6498
612,41521,2.6505
613,41522,2.6512
614,41523,2.6521
615,41524,2.653
616,41525,2.6539
617,41526,2.6549
618,41527,2.6558
619,41528,2.6567
620,41529,2.6576
621,41530,2.6585
622,41531,2.6594
623,41532,2.6604
624,41533,2.6613
625,41534,2.6622
626,41535,2.6631
627,41536,2.664
628,41537,2.665
629,41538,2.6659
630,41539,2.6668
631,41540,2.6677
632,41541,2.6686
633,41542,2.6695
634,41543,2.6705
635,41544,2.6714
636,41545,2.6723
637,41546,2.6732
638,41547,2.6742
639,41548,2.6751
640,41549,2.676
641,41550,2.6769
642,41551,2.6778
643,41552,2.6788
644,41553,2.68
645,41554,2.6811
646,41555,2.6823
647,41556,2.6835
648,41557,2.6846
649,41558,2.6858
650,41559,2.687
651,41560,2.6882
652,41561,2.6893
653,41562,2.6905
654,41563,2.6917
655,41564,2.6928
656,41565,2.694
657,41566,2.6952
658,41567,2.6964
659,41568,2.6975
660,41569,2.6987
661,41570,2.6999
662,41571,2.7011
663,41572,2.7022
664,41573,2.7034
665,41574,2.7046
666,41575,2.7058
667,41576,2.707
668,41577,2.7081
669,41578,2.7093
670,41579,2.7105
671,41580,2.7117
672,41581,2.7129
673,41582,2.714
674,41583,2.7152
675,41584,2.7159
676,41585,2.7167
677,41586,2.7174
678,41587,2.7182
679,41588,2.7189
680,41589,2.7196
681,41590,2.7204
682,41591,2.7211
683,41592,2.7219
684,41593,2.7226
685,41594,2.7233
686,41595,2.7241
687,41596,2.7248
688,41597,2.7256
689,41598,2.7263
690,41599,2.7271
691,41600,2.7278
692,41601,2.7285
693,41602,2.7293
694,41603,2.73
695,41604,2.7308
696,41605,2.7315
697,41606,2.7323
698,41607,2.733
699,41608,2.7337
700,41609,2.7345
701,41610,2.7352
702,41611,2.736
703,41612,2.7367
704,41613,2.7375
705,41614,2.7377
706,41615,2.7379
707,41616,2.738
708,41617,2.7382
709,41618,2.7384
710,41619,2.7386
711,41620,2.7387
712,41621,2.7389
713,41622,2.7391
714,41623,2.7393
715,41624,2.7394
716,41625,2.7396
717,41626,2.7398
718,41627,2.74
719,41628,2.7401
720,41629,2.7403
721,41630,2.7405
722,41631,2.7407
723,41632,2.7409
724,41633,2.741
725,41634,2.7412
726,41635,2.7414
727,41636,2.7416
728,41637,2.7417
729,41638,2.7419
730,41639,2.7421
731,41640,2.7423
732,41641,2.7424
733,41642,2.7426
734,41643,2.7428
735,41644,2.743
736,41645,2.7424
737,41646,2.7417
738,41647,2.7411
739,41648,2.7404
740,41649,2.7398
741,41650,2.7392
742,41651,2.7385
743,41652,2.7379
744,41653,2.7373
745,41654,2.7366
746,41655,2.736
747,41656,2.7353
748,41657,2.7347
749,41658,2.7341
750,41659,2.7334
751,41660,2.7328
752,41661,2.7322
753,41662,2.7315
754,41663,2.7309
755,41664,2.7302
756,41665,2.7296
757,41666,2.729
758,41667,2.7283
759,41668,2.7277
760,41669,2.7271
761,41670,2.7264
762,41671,2.7258
763,41672,2.7252
764,41673,2.7245
765,41674,2.7239
766,41675,2.7233
767,41676,2.7256
768,41677,2.728
769,41678,2.7303
770,41679,2.7327
771,41680,2.735
772,41681,2.7374
773,41682,2.7398
774,41683,2.7421
775,41684,2.7445
776,41685,2.7468
777,41686,2.7492
778,41687,2.7516
779,41688,2.754
780,41689,2.7563
781,41690,2.7587
782,41691,2.7611
783,41692,2.7635
784,41693,2.7658
785,41694,2.7682
786,41695,2.7706
787,41696,2.773
788,41697,2.7754
789,41698,2.7778
790,41699,2.7802
791,41700,2.7826
792,41701,2.7849
793,41702,2.7873
794,41703,2.7897
795,41704,2.7912
796,41705,2.7927
797,41706,2.7941
798,41707,2.7956
799,41708,2.7971
800,41709,2.7986
801,41710,2.8001
802,41711,2.8016
803,41712,2.8031
804,41713,2.8046
805,41714,2.806
806,41715,2.8075
807,41716,2.809
808,41717,2.8105
809,41718,2.812
810,41719,2.8135
811,41720,2.815
812,41721,2.8165
813,41722,2.818
814,41723,2.8195
815,41724,2.821
816,41725,2.8225
817,41726,2.824
818,41727,2.8255
819,41728,2.827
820,41729,2.8285
821,41730,2.83
822,41731,2.8315
823,41732,2.833
824,41733,2.8345
825,41734,2.836
826,41735,2.8365
827,41736,2.8371
828,41737,2.8376
829,41738,2.8382
830,41739,2.8387
831,41740,2.8393
832,41741,2.8398
833,41742,2.8404
834,41743,2.8409
835,41744,2.8415
836,41745,2.842
837,41746,2.8426
838,41747,2.8431
839,41748,2.8437
840,41749,2.8442
841,41750,2.8448
842,41751,2.8453
843,41752,2.8459
844,41753,2.8464
845,41754,2.847
846,41755,2.8475
847,41756,2.8481
848,41757,2.8486
849,41758,2.8492
850,41759,2.8497
851,41760,2.8503
852,41761,2.8508
853,41762,2.8513
854,41763,2.8519
855,41764,2.8524
856,41765,2.8523
857,41766,2.8523
858,41767,2.8522
859,41768,2.8522
860,41769,2.8521
861,41770,2.8521
862,41771,2.852
863,41772,2.852
864,41773,2.8519
865,41774,2.8518
866,41775,2.8518
867,41776,2.8517
868,41777,2.8517
869,41778,2.8516
870,41779,2.8516
871,41780,2.8515
872,41781,2.8515
873,41782,2.8514
874,41783,2.8514
875,41784,2.8513
876,41785,2.8512
877,41786,2.8512
878,41787,2.8511
879,41788,2.8511
880,41789,2.851
881,41790,2.851
882,41791,2.8509
883,41792,2.8509
884,41793,2.8508
885,41794,2.8507
886,41795,2.8507
887,41796,2.851
888,41797,2.8513
889,41798,2.8516
890,41799,2.8519
891,41800,2.8522
892,41801,2.8525
893,41802,2.8528
894,41803,2.8531
895,41804,2.8534
896,41805,2.8537
897,41806,2.854
898,41807,2.8543
899,41808,2.8546
900,41809,2.855
901,41810,2.8553
902,41811,2.8556
903,41812,2.8559
904,41813,2.8562
905,41814,2.8565
906,41815,2.8568
907,41816,2.8571
908,41817,2.8574
909,41818,2.8577
910,41819,2.858
911,41820,2.8583
912,41821,2.8586
913,41822,2.8589
914,41823,2.8592
915,41824,2.8595
916,41825,2.8598
917,41826,2.8601
918,41827,2.8604
919,41828,2.8608
920,41829,2.8611
921,41830,2.8614
922,41831,2.8617
923,41832,2.8621
924,41833,2.8624
925,41834,2.8627
926,41835,2.863
927,41836,2.8633
928,41837,2.8637
929,41838,2.864
930,41839,2.8643
931,41840,2.8646
932,41841,2.865
933,41842,2.8653
934,41843,2.8656
935,41844,2.8659
936,41845,2.8663
937,41846,2.8666
938,41847,2.8669
939,41848,2.8672
940,41849,2.8675
941,41850,2.8679
942,41851,2.8682
943,41852,2.8685
944,41853,2.8688
945,41854,2.8692
946,41855,2.8695
947,41856,2.8698
948,41857,2.8705
949,41858,2.8712
950,41859,2.8719
951,41860,2.8726
952,41861,2.8733
953,41862,2.874
954,41863,2.8746
955,41864,2.8753
956,41865,2.876
957,41866,2.8767
958,41867,2.8774
959,41868,2.8781
960,41869,2.8788
961,41870,2.8795
962,41871,2.8802
963,41872,2.8809
964,41873,2.8816
965,41874,2.8823
966,41875,2.883
967,41876,2.8837
968,41877,2.8844
969,41878,2.8851
970,41879,2.8858
971,41880,2.8864
972,41881,2.8871
973,41882,2.8878
974,41883,2.8885
975,41884,2.8892
976,41885,2.8899
977,41886,2.8906
978,41887,2.8913
979,41888,2.892
980,41889,2.8927
981,41890,2.8935
982,41891,2.8942
983,41892,2.8949
984,41893,2.8956
985,41894,2.8963
986,41895,2.8971
987,41896,2.8978
988,41897,2.8985
989,41898,2.8992
990,41899,2.9
991,41900,2.9007
992,41901,2.9014
993,41902,2.9021
994,41903,2.9028
995,41904,2.9036
996,41905,2.9043
997,41906,2.905
998,41907,2.9057
999,41908,2.9065
1000,41909,2.9072
1001,41910,2.9079
1002,41911,2.9086
1003,41912,2.9094
1004,41913,2.9101
1005,41914,2.9108
1006,41915,2.9115
1007,41916,2.9123
1008,41917,2.913
1009,41918,2.9139
1010,41919,2.9149
1011,41920,2.9158
1012,41921,2.9167
1013,41922,2.9177
1014,41923,2.9186
1015,41924,2.9196
1016,41925,2.9205
1017,41926,2.9214
1018,41927,2.9224
1019,41928,2.9233
1020,41929,2.9242
1021,41930,2.9252
1022,41931,2.9261
1023,41932,2.9271
1024,41933,2.928
1025,41934,2.9289
1026,41935,2.9299
1027,41936,2.9308
1028,41937,2.9318
1029,41938,2.9327
1030,41939,2.9336
1031,41940,2.9346
1032,41941,2.9355
1033,41942,2.9365
1034,41943,2.9374
1035,41944,2.9384
1036,41945,2.9393
1037,41946,2.9402
1038,41947,2.9412
1039,41948,2.9421
1040,41949,2.9427
1041,41950,2.9433
1042,41951,2.9438
1043,41952,2.9444
1044,41953,2.945
1045,41954,2.9456
1046,41955,2.9461
1047,41956,2.9467
1048,41957,2.9473
1049,41958,2.9479
1050,41959,2.9485
1051,41960,2.949
1052,41961,2.9496
1053,41962,2.9502
1054,41963,2.9508
1055,41964,2.9513
1056,41965,2.9519
1057,41966,2.9525
1058,41967,2.9531
1059,41968,2.9537
1060,41969,2.9542
1061,41970,2.9548
1062,41971,2.9554
1063,41972,2.956
1064,41973,2.9566
1065,41974,2.9571
1066,41975,2.9577
1067,41976,2.9583
1068,41977,2.9589
1069,41978,2.9595
1070,41979,2.9596
1071,41980,2.9598
1072,41981,2.9599
1073,41982,2.9601
1074,41983,2.9602
1075,41984,2.9604
1076,41985,2.9605
1077,41986,2.9606
1078,41987,2.9608
1079,41988,2.9609
1080,41989,2.9611
1081,41990,2.9612
1082,41991,2.9614
1083,41992,2.9615
1084,41993,2.9616
1085,41994,2.9618
1086,41995,2.9619
1087,41996,2.9621
1088,41997,2.9622
1089,41998,2.9624
1090,41999,2.9625
1091,42000,2.9626
1092,42001,2.9628
1093,42002,2.9629
1094,42003,2.9631
1095,42004,2.9632
1096,42005,2.9634
1097,42006,2.9635
1098,42007,2.9637
1099,42008,2.9638
1100,42009,2.9639
1101,42010,2.9634
1102,42011,2.9629
1103,42012,2.9624
1104,42013,2.9619
1105,42014,2.9614
1106,42015,2.9609
1107,42016,2.9603
1108,42017,2.9598
1109,42018,2.9593
1110,42019,2.9588
1111,42020,2.9583
1112,42021,2.9578
1113,42022,2.9573
1114,42023,2.9568
1115,42024,2.9563
1116,42025,2.9558
1117,42026,2.9553
1118,42027,2.9548
1119,42028,2.9543
1120,42029,2.9538
1121,42030,2.9532
1122,42031,2.9527
1123,42032,2.9522
1124,42033,2.9517
1125,42034,2.9512
1126,42035,2.9507
1127,42036,2.9502
1128,42037,2.9497
1129,42038,2.9492
1130,42039,2.9487
1131,42040,2.9482
1132,42041,2.9505
1133,42042,2.9528
1134,42043,2.9551
1135,42044,2.9575
1136,42045,2.9598
1137,42046,2.9621
1138,42047,2.9644
1139,42048,2.9668
1140,42049,2.9691
1141,42050,2.9714
1142,42051,2.9737
1143,42052,2.9761
1144,42053,2.9784
1145,42054,2.9807
1146,42055,2.9831
1147,42056,2.9854
1148,42057,2.9878
1149,42058,2.9901
1150,42059,2.9925
1151,42060,2.9948
1152,42061,2.9972
1153,42062,2.9995
1154,42063,3.0019
1155,42064,3.0042
1156,42065,3.0066
1157,42066,3.0089
1158,42067,3.0113
1159,42068,3.0137
1160,42069,3.0148
1161,42070,3.0158
1162,42071,3.0169
1163,42072,3.018
1164,42073,3.019
1165,42074,3.0201
1166,42075,3.0212
1167,42076,3.0222
1168,42077,3.0233
1169,42078,3.0244
1170,42079,3.0254
1171,42080,3.0265
1172,42081,3.0276
1173,42082,3.0286
1174,42083,3.0297
1175,42084,3.0308
1176,42085,3.0318
1177,42086,3.0329
1178,42087,3.034
1179,42088,3.035
1180,42089,3.0361
1181,42090,3.0372
1182,42091,3.0383
1183,42092,3.0393
1184,42093,3.0404
1185,42094,3.0415
1186,42095,3.0426
1187,42096,3.0436
1188,42097,3.0447
1189,42098,3.0458
1190,42099,3.0469
1191,42100,3.0476
1192,42101,3.0483
1193,42102,3.049
1194,42103,3.0497
1195,42104,3.0504
1196,42105,3.0512
1197,42106,3.0519
1198,42107,3.0526
1199,42108,3.0533
1200,42109,3.054
1201,42110,3.0547
1202,42111,3.0554
1203,42112,3.0561
1204,42113,3.0568
1205,42114,3.0575
1206,42115,3.0583
1207,42116,3.059
1208,42117,3.0597
1209,42118,3.0604
1210,42119,3.0611
1211,42120,3.0618
1212,42121,3.0625
1213,42122,3.0632
1214,42123,3.064
1215,42124,3.0647
1216,42125,3.0654
1217,42126,3.0661
1218,42127,3.0668
1219,42128,3.0675
1220,42129,3.0682
1221,42130,3.0688
1222,42131,3.0693
1223,42132,3.0699
1224,42133,3.0705
1225,42134,3.071
1226,42135,3.0716
1227,42136,3.0721
1228,42137,3.0727
1229,42138,3.0733
1230,42139,3.0738
1231,42140,3.0744
1232,42141,3.075
1233,42142,3.0755
1234,42143,3.0761
1235,42144,3.0766
1236,42145,3.0772
1237,42146,3.0778
1238,42147,3.0783
1239,42148,3.0789
1240,42149,3.0795
1241,42150,3.08
1242,42151,3.0806
1243,42152,3.0812
1244,42153,3.0817
1245,42154,3.0823
1246,42155,3.0829
1247,42156,3.0834
1248,42157,3.084
1249,42158,3.0846
1250,42159,3.0851
1251,42160,3.0857
1252,42161,3.0862
1253,42162,3.0867
1254,42163,3.0872
1255,42164,3.0877
1256,42165,3.0882
1257,42166,3.0887
1258,42167,3.0892
1259,42168,3.0897
1260,42169,3.0902
1261,42170,3.0907
1262,42171,3.0912
1263,42172,3.0917
1264,42173,3.0922
1265,42174,3.0927
1266,42175,3.0933
1267,42176,3.0938
1268,42177,3.0943
1269,42178,3.0948
1270,42179,3.0953
1271,42180,3.0958
1272,42181,3.0963
1273,42182,3.0968
1274,42183,3.0973
1275,42184,3.0978
1276,42185,3.0983
1277,42186,3.0988
1278,42187,3.0993
1279,42188,3.0998
1280,42189,3.1003
1281,42190,3.1008
1282,42191,3.1012
1283,42192,3.1017
1284,42193,3.1021
1285,42194,3.1026
1286,42195,3.103
1287,42196,3.1035
1288,42197,3.1039
1289,42198,3.1044
1290,42199,3.1048
1291,42200,3.1053
1292,42201,3.1057
1293,42202,3.1062
1294,42203,3.1066
1295,42204,3.1071
1296,42205,3.1075
1297,42206,3.108
1298,42207,3.1084
1299,42208,3.1089
1300,42209,3.1093
1301,42210,3.1098
1302,42211,3.1102
1303,42212,3.1107
1304,42213,3.1111
1305,42214,3.1116
1306,42215,3.112
1307,42216,3.1125
1308,42217,3.1129
1309,42218,3.1134
1310,42219,3.1139
1311,42220,3.1143
1312,42221,3.1148
1313,42222,3.116
1314,42223,3.1172
1315,42224,3.1184
1316,42225,3.1196
1317,42226,3.1208
1318,42227,3.1221
1319,42228,3.1233
1320,42229,3.1245
1321,42230,3.1257
1322,42231,3.1269
1323,42232,3.1281
1324,42233,3.1293
1325,42234,3.1305
1326,42235,3.1318
1327,42236,3.133
1328,42237,3.1342
1329,42238,3.1354
1330,42239,3.1366
1331,42240,3.1378
1332,42241,3.1391
1333,42242,3.1403
1334,42243,3.1415
1335,42244,3.1427
1336,42245,3.1439
1337,42246,3.1452
1338,42247,3.1464
1339,42248,3.1476
1340,42249,3.1488
1341,42250,3.15
1342,42251,3.1513
1343,42252,3.1525
1344,42253,3.1537
1345,42254,3.155
1346,42255,3.1562
1347,42256,3.1574
1348,42257,3.1587
1349,42258,3.1599
1350,42259,3.1611
1351,42260,3.1624
1352,42261,3.1636
1353,42262,3.1649
1354,42263,3.1661
1355,42264,3.1673
1356,42265,3.1686
1357,42266,3.1698
1358,42267,3.171
1359,42268,3.1723
1360,42269,3.1735
1361,42270,3.1748
1362,42271,3.176
1363,42272,3.1773
1364,42273,3.1785
1365,42274,3.1797
1366,42275,3.181
1367,42276,3.1822
1368,42277,3.1835
1369,42278,3.1847
1370,42279,3.186
1371,42280,3.1872
1372,42281,3.1885
1373,42282,3.1897
1374,42283,3.1904
1375,42284,3.1911
1376,42285,3.1918
1377,42286,3.1925
1378,42287,3.1932
1379,42288,3.1939
1380,42289,3.1947
1381,42290,3.1954
1382,42291,3.1961
1383,42292,3.1968
1384,42293,3.1975
1385,42294,3.1982
1386,42295,3.1989
1387,42296,3.1996
1388,42297,3.2003
1389,42298,3.201
1390,42299,3.2018
1391,42300,3.2025
1392,42301,3.2032
1393,42302,3.2039
1394,42303,3.2046
1395,42304,3.2053
1396,42305,3.206
1397,42306,3.2067
1398,42307,3.2074
1399,42308,3.2081
1400,42309,3.2089
1401,42310,3.2096
1402,42311,3.2103
1403,42312,3.211
1404,42313,3.2117
1405,42314,3.2123
1406,42315,3.213
1407,42316,3.2136
1408,42317,3.2143
1409,42318,3.2149
1410,42319,3.2155
1411,42320,3.2162
1412,42321,3.2168
1413,42322,3.2175
1414,42323,3.2181
1415,42324,3.2188
1416,42325,3.2194
1417,42326,3.22
1418,42327,3.2207
1419,42328,3.2213
1420,42329,3.222
1421,42330,3.2226
1422,42331,3.2232
1423,42332,3.2239
1424,42333,3.2245
1425,42334,3.2252
1426,42335,3.2258
1427,42336,3.2265
1428,42337,3.2271
1429,42338,3.2278
1430,42339,3.2284
1431,42340,3.229
1432,42341,3.2297
1433,42342,3.2303
1434,42343,3.231
1435,42344,3.2314
1436,42345,3.2319
1437,42346,3.2323
1438,42347,3.2328
1439,42348,3.2332
1440,42349,3.2337
1441,42350,3.2341
1442,42351,3.2346
1443,42352,3.235
1444,42353,3.2355
1445,42354,3.2359
1446,42355,3.2364
1447,42356,3.2368
1448,42357,3.2373
1449,42358,3.2377
1450,42359,3.2382
1451,42360,3.2386
1452,42361,3.2391
1453,42362,3.2395
1454,42363,3.24
1455,42364,3.2404
1456,42365,3.2409
1457,42366,3.2413
1458,42367,3.2418
1459,42368,3.2422
1460,42369,3.2426
1461,42370,3.2431
1462,42371,3.2435
1463,42372,3.244
1464,42373,3.2444
1465,42374,3.2449
1466,42375,3.2443
1467,42376,3.2437
1468,42377,3.2432
1469,42378,3.2426
1470,42379,3.242
1471,42380,3.2414
1472,42381,3.2409
1473,42382,3.2403
1474,42383,3.2397
1475,42384,3.2391
1476,42385,3.2386
1477,42386,3.238
1478,42387,3.2374
1479,42388,3.2368
1480,42389,3.2363
1481,42390,3.2357
1482,42391,3.2351
1483,42392,3.2345
1484,42393,3.2339
1485,42394,3.2334
1486,42395,3.2328
1487,42396,3.2322
1488,42397,3.2316
1489,42398,3.2311
1490,42399,3.2305
1491,42400,3.2299
1492,42401,3.2294
1493,42402,3.2288
1494,42403,3.2282
1495,42404,3.2276
1496,42405,3.2271
1497,42406,3.2298
1498,42407,3.2325
1499,42408,3.2352
1500,42409,3.2379
1501,42410,3.2406
1502,42411,3.2433
1503,42412,3.246
1504,42413,3.2487
1505,42414,3.2514
1506,42415,3.2541
1507,42416,3.2569
1508,42417,3.2596
1509,42418,3.2623
1510,42419,3.265
1511,42420,3.2678
1512,42421,3.2705
1513,42422,3.2732
1514,42423,3.2759
1515,42424,3.2787
1516,42425,3.2814
1517,42426,3.2842
1518,42427,3.2869
1519,42428,3.2896
1520,42429,3.2924
1521,42430,3.2951
1522,42431,3.2979
1523,42432,3.3006
1524,42433,3.3034
1525,42434,3.3062
1526,42435,3.3079
1527,42436,3.3096
1528,42437,3.3113
1529,42438,3.313
1530,42439,3.3147
1531,42440,3.3164
1532,42441,3.3181
1533,42442,3.3198
1534,42443,3.3215
1535,42444,3.3232
1536,42445,3.3249
1537,42446,3.3266
1538,42447,3.3283
1539,42448,3.33
1540,42449,3.3317
1541,42450,3.3334
1542,42451,3.3351
1543,42452,3.3368
1544,42453,3.3385
1545,42454,3.3402
1546,42455,3.3419
1547,42456,3.3437
1548,42457,3.3454
1549,42458,3.3471
1550,42459,3.3488
1551,42460,3.3505
1552,42461,3.3522
1553,42462,3.3539
1554,42463,3.3557
1555,42464,3.3574
1556,42465,3.3591
1557,42466,3.3603
1558,42467,3.3614
1559,42468,3.3626
1560,42469,3.3637
1561,42470,3.3649
1562,42471,3.3661
1563,42472,3.3672
1564,42473,3.3684
1565,42474,3.3695
1566,42475,3.3707
1567,42476,3.3719
1568,42477,3.373
1569,42478,3.3742
1570,42479,3.3754
1571,42480,3.3765
1572,42481,3.3777
1573,42482,3.3789
1574,42483,3.38
1575,42484,3.3812
1576,42485,3.3823
1577,42486,3.3835
1578,42487,3.3847
1579,42488,3.3859
1580,42489,3.387
1581,42490,3.3882
1582,42491,3.3894
1583,42492,3.3905
1584,42493,3.3917
1585,42494,3.3929
1586,42495,3.394
1587,42496,3.3945
1588,42497,3.395
1589,42498,3.3955
1590,42499,3.396
1591,42500,3.3965
1592,42501,3.397
1593,42502,3.3975
1594,42503,3.398
1595,42504,3.3985
1596,42505,3.399
1597,42506,3.3995
1598,42507,3.4
1599,42508,3.4005
1600,42509,3.401
1601,42510,3.4015
1602,42511,3.402
1603,42512,3.4026
1604,42513,3.4031
1605,42514,3.4036
1606,42515,3.4041
1607,42516,3.4046
1608,42517,3.4051
1609,42518,3.4056
1610,42519,3.4061
1611,42520,3.4066
1612,42521,3.4071
1613,42522,3.4076
1614,42523,3.4081
1615,42524,3.4086
1616,42525,3.4091
1617,42526,3.4096
1618,42527,3.4107
1619,42528,3.4118
1620,42529,3.4129
1621,42530,3.414
1622,42531,3.4151
1623,42532,3.4162
1624,42533,3.4173
1625,42534,3.4184
1626,42535,3.4195
1627,42536,3.4206
1628,42537,3.4217
1629,42538,3.4228
1630,42539,3.4239
1631,42540,3.425
1632,42541,3.4261
1633,42542,3.4272
1634,42543,3.4283
1635,42544,3.4294
1636,42545,3.4305
1637,42546,3.4316
1638,42547,3.4327
1639,42548,3.4338
1640,42549,3.4349
1641,42550,3.436
1642,42551,3.4371
1643,42552,3.4382
1644,42553,3.4394
1645,42554,3.4405
1646,42555,3.4416
1647,42556,3.4427
1648,42557,3.4431
1649,42558,3.4436
1650,42559,3.444
1651,42560,3.4445
1652,42561,3.4449
1653,42562,3.4454
1654,42563,3.4458
1655,42564,3.4462
1656,42565,3.4467
1657,42566,3.4471
1658,42567,3.4476
1659,42568,3.448
1660,42569,3.4485
1661,42570,3.4489
1662,42571,3.4494
1663,42572,3.4498
1664,42573,3.4502
1665,42574,3.4507
1666,42575,3.4511
1667,42576,3.4516
1668,42577,3.452
1669,42578,3.4525
1670,42579,3.4529
1671,42580,3.4534
1672,42581,3.4538
1673,42582,3.4542
1674,42583,3.4547
1675,42584,3.4551
1676,42585,3.4556
1677,42586,3.456
1678,42587,3.4565
1679,42588,3.4569
1680,42589,3.4574
1681,42590,3.4578
1682,42591,3.4582
1683,42592,3.4587
1684,42593,3.4591
1685,42594,3.4595
1686,42595,3.46
1687,42596,3.4604
1688,42597,3.4608
1689,42598,3.4613
1690,42599,3.4617
1691,42600,3.4621
1692,42601,3.4626
1693,42602,3.463
1694,42603,3.4635
1695,42604,3.4639
1696,42605,3.4643
1697,42606,3.4648
1698,42607,3.4652
1699,42608,3.4656
1700,42609,3.4661
1701,42610,3.4665
1702,42611,3.4669
1703,42612,3.4674
1704,42613,3.4678
1705,42614,3.4682
1706,42615,3.4687
1707,42616,3.4691
1708,42617,3.4695
1709,42618,3.47
1710,42619,3.4707
1711,42620,3.4713
1712,42621,3.472
1713,42622,3.4726
1714,42623,3.4733
1715,42624,3.4739
1716,42625,3.4746
1717,42626,3.4753
1718,42627,3.4759
1719,42628,3.4766
1720,42629,3.4772
1721,42630,3.4779
1722,42631,3.4786
1723,42632,3.4792
1724,42633,3.4799
1725,42634,3.4805
1726,42635,3.4812
1727,42636,3.4819
1728,42637,3.4825
1729,42638,3.4832
1730,42639,3.4838
1731,42640,3.4845
1732,42641,3.4852
1733,42642,3.4858
1734,42643,3.4865
1735,42644,3.4871
1736,42645,3.4878
1737,42646,3.4885
1738,42647,3.4891
1739,42648,3.4898
1740,42649,3.4901
1741,42650,3.4904
1742,42651,3.4906
1743,42652,3.4909
1744,42653,3.4912
1745,42654,3.4915
1746,42655,3.4918
1747,42656,3.492
1748,42657,3.4923
1749,42658,3.4926
1750,42659,3.4929
1751,42660,3.4932
1752,42661,3.4935
1753,42662,3.4937
1754,42663,3.494
1755,42664,3.4943
1756,42665,3.4946
1757,42666,3.4949
1758,42667,3.4951
1759,42668,3.4954
1760,42669,3.4957
1761,42670,3.496
1762,42671,3.4963
1763,42672,3.4966
1764,42673,3.4968
1765,42674,3.4971
1766,42675,3.4974
1767,42676,3.4977
1768,42677,3.498
1769,42678,3.4982
1770,42679,3.4985
1771,42680,3.4987
1772,42681,3.4989
1773,42682,3.4991
1774,42683,3.4993
1775,42684,3.4995
1776,42685,3.4998
1777,42686,3.5
1778,42687,3.5002
1779,42688,3.5004
1780,42689,3.5006
1781,42690,3.5008
1782,42691,3.501
1783,42692,3.5012
1784,42693,3.5014
1785,42694,3.5016
1786,42695,3.5019
1787,42696,3.5021
1788,42697,3.5023
1789,42698,3.5025
1790,42699,3.5027
1791,42700,3.5029
1792,42701,3.5031
1793,42702,3.5033
1794,42703,3.5035
1795,42704,3.5037
1796,42705,3.504
1797,42706,3.5042
1798,42707,3.5044
1799,42708,3.5046
1800,42709,3.5048
1801,42710,3.5049
1802,42711,3.505
1803,42712,3.5051
1804,42713,3.5053
1805,42714,3.5054
1806,42715,3.5055
1807,42716,3.5056
1808,42717,3.5057
1809,42718,3.5058
1810,42719,3.5059
1811,42720,3.506
1812,42721,3.5062
1813,42722,3.5063
1814,42723,3.5064
1815,42724,3.5065
1816,42725,3.5066
1817,42726,3.5067
1818,42727,3.5068
1819,42728,3.5069
1820,42729,3.5071
1821,42730,3.5072
1822,42731,3.5073
1823,42732,3.5074
1824,42733,3.5075
1825,42734,3.5076
1826,42735,3.5077
1827,42736,3.5079
1828,42737,3.508
1829,42738,3.5081
1830,42739,3.5082
1831,42740,3.5083
1832,42741,3.5077
1833,42742,3.5071
1834,42743,3.5064
1835,42744,3.5058
1836,42745,3.5052
1837,42746,3.5046
1838,42747,3.5039
1839,42748,3.5033
1840,42749,3.5027
1841,42750,3.5021
1842,42751,3.5014
1843,42752,3.5008
1844,42753,3.5002
1845,42754,3.4996
1846,42755,3.499
1847,42756,3.4983
1848,42757,3.4977
1849,42758,3.4971
1850,42759,3.4965
1851,42760,3.4958
1852,42761,3.4952
1853,42762,3.4946
1854,42763,3.494
1855,42764,3.4934
1856,42765,3.4927
1857,42766,3.4921
1858,42767,3.4915
1859,42768,3.4909
1860,42769,3.4902
1861,42770,3.4896
1862,42771,3.489
1863,42772,3.4922
1864,42773,3.4954
1865,42774,3.4986
1866,42775,3.5018
1867,42776,3.505
1868,42777,3.5082
1869,42778,3.5115
1870,42779,3.5147
1871,42780,3.5179
1872,42781,3.5211
1873,42782,3.5244
1874,42783,3.5276
1875,42784,3.5308
1876,42785,3.5341
1877,42786,3.5373
1878,42787,3.5406
1879,42788,3.5438
1880,42789,3.547
1881,42790,3.5503
1882,42791,3.5536
1883,42792,3.5568
1884,42793,3.5601
1885,42794,3.5633
1886,42795,3.5666
1887,42796,3.5699
1888,42797,3.5732
1889,42798,3.5764
1890,42799,3.5797
1891,42800,3.5803
1892,42801,3.5809
1893,42802,3.5814
1894,42803,3.582
1895,42804,3.5826
1896,42805,3.5832
1897,42806,3.5837
1898,42807,3.5843
1899,42808,3.5849
1900,42809,3.5855
1901,42810,3.586
1902,42811,3.5866
1903,42812,3.5872
1904,42813,3.5878
1905,42814,3.5883
1906,42815,3.5889
1907,42816,3.5895
1908,42817,3.5901
1909,42818,3.5907
1910,42819,3.5912
1911,42820,3.5918
1912,42821,3.5924
1913,42822,3.593
1914,42823,3.5935
1915,42824,3.5941
1916,42825,3.5947
1917,42826,3.5953
1918,42827,3.5959
1919,42828,3.5964
1920,42829,3.597
1921,42830,3.5976
1922,42831,3.5984
1923,42832,3.5992
1924,42833,3.6
1925,42834,3.6009
1926,42835,3.6017
1927,42836,3.6025
1928,42837,3.6033
1929,42838,3.6041
1930,42839,3.6049
1931,42840,3.6057
1932,42841,3.6066
1933,42842,3.6074
1934,42843,3.6082
1935,42844,3.609
1936,42845,3.6098
1937,42846,3.6106
1938,42847,3.6114
1939,42848,3.6123
1940,42849,3.6131
1941,42850,3.6139
1942,42851,3.6147
1943,42852,3.6155
1944,42853,3.6163
1945,42854,3.6172
1946,42855,3.618
1947,42856,3.6188
1948,42857,3.6196
1949,42858,3.6204
1950,42859,3.6212
1951,42860,3.6221
1952,42861,3.6224
1953,42862,3.6226
1954,42863,3.6229
1955,42864,3.6231
1956,42865,3.6234
1957,42866,3.6236
1958,42867,3.6239
1959,42868,3.6242
1960,42869,3.6244
1961,42870,3.6247
1962,42871,3.6249
1963,42872,3.6252
1964,42873,3.6254
1965,42874,3.6257
1966,42875,3.626
1967,42876,3.6262
1968,42877,3.6265
1969,42878,3.6267
1970,42879,3.627
1971,42880,3.6272
1972,42881,3.6275
1973,42882,3.6278
1974,42883,3.628
1975,42884,3.6283
1976,42885,3.6285
1977,42886,3.6288
1978,42887,3.629
1979,42888,3.6293
1980,42889,3.6296
1981,42890,3.6298
1982,42891,3.6301
1983,42892,3.6303
1984,42893,3.6304
1985,42894,3.6306
1986,42895,3.6307
1987,42896,3.6309
1988,42897,3.631
1989,42898,3.6312
1990,42899,3.6314
1991,42900,3.6315
1992,42901,3.6317
1993,42902,3.6318
1994,42903,3.632
1995,42904,3.6321
1996,42905,3.6323
1997,42906,3.6325
1998,42907,3.6326
1999,42908,3.6328
2000,42909,3.6329
2001,42910,3.6331
2002,42911,3.6332
2003,42912,3.6334
2004,42913,3.6336
2005,42914,3.6337
2006,42915,3.6339
2007,42916,3.634
2008,42917,3.6342
2009,42918,3.6343
2010,42919,3.6345
2011,42920,3.6347
2012,42921,3.6348
2013,42922,3.635
2014,42923,3.6352
2015,42924,3.6353
2016,42925,3.6355
2017,42926,3.6357
2018,42927,3.6359
2019,42928,3.636
2020,42929,3.6362
2021,42930,3.6364
2022,42931,3.6366
2023,42932,3.6367
2024,42933,3.6369
2025,42934,3.6371
2026,42935,3.6373
2027,42936,3.6374
2028,42937,3.6376
2029,42938,3.6378
2030,42939,3.638
2031,42940,3.6381
2032,42941,3.6383
2033,42942,3.6385
2034,42943,3.6387
2035,42944,3.6388
2036,42945,3.639
2037,42946,3.6392
2038,42947,3.6394
2039,42948,3.6395
2040,42949,3.6397
2041,42950,3.6399
2042,42951,3.6401
2043,42952,3.6403
2044,42953,3.6407
2045,42954,3.6411
2046,42955,3.6414
2047,42956,3.6418
2048,42957,3.6422
2049,42958,3.6426
2050,42959,3.6429
2051,42960,3.6433
2052,42961,3.6437
2053,42962,3.6441
2054,42963,3.6444
2055,42964,3.6448
2056,42965,3.6452
2057,42966,3.6456
2058,42967,3.6459
2059,42968,3.6463
2060,42969,3.6467
2061,42970,3.6471
2062,42971,3.6474
2063,42972,3.6478
2064,42973,3.6482
2065,42974,3.6486
2066,42975,3.6489
2067,42976,3.6493
2068,42977,3.6497
2069,42978,3.6501
2070,42979,3.6504
2071,42980,3.6508
2072,42981,3.6512
2073,42982,3.6516
2074,42983,3.6519
2075,42984,3.6528
2076,42985,3.6538
2077,42986,3.6547
2078,42987,3.6556
2079,42988,3.6566
2080,42989,3.6575
2081,42990,3.6584
2082,42991,3.6594
2083,42992,3.6603
2084,42993,3.6612
2085,42994,3.6622
2086,42995,3.6631
2087,42996,3.6641
2088,42997,3.665
2089,42998,3.6659
2090,42999,3.6669
2091,43000,3.6678
2092,43001,3.6687
2093,43002,3.6697
2094,43003,3.6706
2095,43004,3.6716
2096,43005,3.6725
2097,43006,3.6734
2098,43007,3.6744
2099,43008,3.6753
2100,43009,3.6763
2101,43010,3.6772
2102,43011,3.6781
2103,43012,3.6791
2104,43013,3.68
2105,43014,3.6806
2106,43015,3.6813
2107,43016,3.6819
2108,43017,3.6826
2109,43018,3.6832
2110,43019,3.6838
2111,43020,3.6845
2112,43021,3.6851
2113,43022,3.6858
2114,43023,3.6864
2115,43024,3.687
2116,43025,3.6877
2117,43026,3.6883
2118,43027,3.689
2119,43028,3.6896
2120,43029,3.6902
2121,43030,3.6909
2122,43031,3.6915
2123,43032,3.6922
2124,43033,3.6928
2125,43034,3.6934
2126,43035,3.6941
2127,43036,3.6947
2128,43037,3.6954
2129,43038,3.696
2130,43039,3.6967
2131,43040,3.6973
2132,43041,3.6979
2133,43042,3.6986
2134,43043,3.6992
2135,43044,3.6999
2136,43045,3.7005
2137,43046,3.701
2138,43047,3.7016
2139,43048,3.7022
2140,43049,3.7027
2141,43050,3.7033
2142,43051,3.7039
2143,43052,3.7044
2144,43053,3.705
2145,43054,3.7056
2146,43055,3.7061
2147,43056,3.7067
2148,43057,3.7073
2149,43058,3.7078
2150,43059,3.7084
2151,43060,3.709
2152,43061,3.7095
2153,43062,3.7101
2154,43063,3.7107
2155,43064,3.7112
2156,43065,3.7118
2157,43066,3.7124
2158,43067,3.7129
2159,43068,3.7135
2160,43069,3.7141
2161,43070,3.7146
2162,43071,3.7152
2163,43072,3.7158
2164,43073,3.7164
2165,43074,3.7169
2166,43075,3.7173
2167,43076,3.7177
2168,43077,3.7181
2169,43078,3.7185
2170,43079,3.7189
2171,43080,3.7193
2172,43081,3.7197
2173,43082,3.7202
2174,43083,3.7206
2175,43084,3.721
2176,43085,3.7214
2177,43086,3.7218
2178,43087,3.7222
2179,43088,3.7226
2180,43089,3.723
2181,43090,3.7234
2182,43091,3.7238
2183,43092,3.7242
2184,43093,3.7246
2185,43094,3.725
2186,43095,3.7255
2187,43096,3.7259
2188,43097,3.7263
2189,43098,3.7267
2190,43099,3.7271
2191,43100,3.7275
2192,43101,3.7279
2193,43102,3.7283
2194,43103,3.7287
2195,43104,3.7291
2196,43105,3.7295
2197,43106,3.7291
2198,43107,3.7288
2199,43108,3.7284
2200,43109,3.728
2201,43110,3.7276
2202,43111,3.7273
2203,43112,3.7269
2204,43113,3.7265
2205,43114,3.7261
2206,43115,3.7258
2207,43116,3.7254
2208,43117,3.725
2209,43118,3.7246
2210,43119,3.7243
2211,43120,3.7239
2212,43121,3.7235
2213,43122,3.7232
2214,43123,3.7228
2215,43124,3.7224
2216,43125,3.722
2217,43126,3.7217
2218,43127,3.7213
2219,43128,3.7209
2220,43129,3.7205
2221,43130,3.7202
2222,43131,3.7198
2223,43132,3.7194
2224,43133,3.7191
2225,43134,3.7187
2226,43135,3.7183
2227,43136,3.7179
2228,43137,3.7215
2229,43138,3.725
2230,43139,3.7286
2231,43140,3.7321
2232,43141,3.7357
2233,43142,3.7393
2234,43143,3.7428
2235,43144,3.7464
2236,43145,3.75
2237,43146,3.7536
2238,43147,3.7572
2239,43148,3.7608
2240,43149,3.7643
2241,43150,3.7679
2242,43151,3.7715
2243,43152,3.7751
2244,43153,3.7788
2245,43154,3.7824
2246,43155,3.786
2247,43156,3.7896
2248,43157,3.7932
2249,43158,3.7968
2250,43159,3.8005
2251,43160,3.8041
2252,43161,3.8077
2253,43162,3.8114
2254,43163,3.815
2255,43164,3.8187
2256,43165,3.8198
2257,43166,3.8209
2258,43167,3.8219
2259,43168,3.823
2260,43169,3.8241
2261,43170,3.8252
2262,43171,3.8263
2263,43172,3.8273
2264,43173,3.8284
2265,43174,3.8295
2266,43175,3.8306
2267,43176,3.8317
2268,43177,3.8328
2269,43178,3.8338
2270,43179,3.8349
2271,43180,3.836
2272,43181,3.8371
2273,43182,3.8382
2274,43183,3.8393
2275,43184,3.8403
2276,43185,3.8414
2277,43186,3.8425
2278,43187,3.8436
2279,43188,3.8447
2280,43189,3.8458
2281,43190,3.8469
2282,43191,3.848
2283,43192,3.849
2284,43193,3.8501
2285,43194,3.8512
2286,43195,3.8523
2287,43196,3.8527
2288,43197,3.853
2289,43198,3.8534
2290,43199,3.8537
2291,43200,3.8541
2292,43201,3.8545
2293,43202,3.8548
2294,43203,3.8552
2295,43204,3.8555
2296,43205,3.8559
2297,43206,3.8563
2298,43207,3.8566
2299,43208,3.857
2300,43209,3.8573
2301,43210,3.8577
2302,43211,3.858
2303,43212,3.8584
2304,43213,3.8588
2305,43214,3.8591
2306,43215,3.8595
2307,43216,3.8598
2308,43217,3.8602
2309,43218,3.8606
2310,43219,3.8609
2311,43220,3.8613
2312,43221,3.8616
2313,43222,3.862
2314,43223,3.8624
2315,43224,3.8627
2316,43225,3.8631
2317,43226,3.8632
2318,43227,3.8633
2319,43228,3.8634
2320,43229,3.8634
2321,43230,3.8635
2322,43231,3.8636
2323,43232,3.8637
2324,43233,3.8638
2325,43234,3.8639
2326,43235,3.864
2327,43236,3.8641
2328,43237,3.8641
2329,43238,3.8642
2330,43239,3.8643
2331,43240,3.8644
2332,43241,3.8645
2333,43242,3.8646
2334,43243,3.8647
2335,43244,3.8648
2336,43245,3.8648
2337,43246,3.8649
2338,43247,3.865
2339,43248,3.8651
2340,43249,3.8652
2341,43250,3.8653
2342,43251,3.8654
2343,43252,3.8655
2344,43253,3.8655
2345,43254,3.8656
2346,43255,3.8657
2347,43256,3.8658
2348,43257,3.8668
2349,43258,3.8679
2350,43259,3.8689
2351,43260,3.87
2352,43261,3.871
2353,43262,3.872
2354,43263,3.8731
2355,43264,3.8741
2356,43265,3.8752
2357,43266,3.8762
2358,43267,3.8773
2359,43268,3.8783
2360,43269,3.8793
2361,43270,3.8804
2362,43271,3.8814
2363,43272,3.8825
2364,43273,3.8835
2365,43274,3.8846
2366,43275,3.8856
2367,43276,3.8866
2368,43277,3.8877
2369,43278,3.8887
2370,43279,3.8898
2371,43280,3.8908
2372,43281,3.8919
2373,43282,3.8929
2374,43283,3.894
2375,43284,3.895
2376,43285,3.8961
2377,43286,3.8971
2378,43287,3.8983
2379,43288,3.8996
2380,43289,3.9008
2381,43290,3.9021
2382,43291,3.9033
2383,43292,3.9045
2384,43293,3.9058
2385,43294,3.907
2386,43295,3.9083
2387,43296,3.9095
2388,43297,3.9107
2389,43298,3.912
2390,43299,3.9132
2391,43300,3.9145
2392,43301,3.9157
2393,43302,3.917
2394,43303,3.9182
2395,43304,3.9195
2396,43305,3.9207
2397,43306,3.9219
2398,43307,3.9232
2399,43308,3.9244
2400,43309,3.9257
2401,43310,3.9269
2402,43311,3.9282
2403,43312,3.9294
2404,43313,3.9307
2405,43314,3.9319
2406,43315,3.9332
2407,43316,3.9344
2408,43317,3.9357
2409,43318,3.9365
2410,43319,3.9372
2411,43320,3.938
2412,43321,3.9387
2413,43322,3.9395
2414,43323,3.9403
2415,43324,3.941
2416,43325,3.9418
2417,43326,3.9425
2418,43327,3.9433
2419,43328,3.9441
2420,43329,3.9448
2421,43330,3.9456
2422,43331,3.9463
2423,43332,3.9471
2424,43333,3.9479
2425,43334,3.9486
2426,43335,3.9494
2427,43336,3.9502
2428,43337,3.9509
2429,43338,3.9517
2430,43339,3.9524
2431,43340,3.9532
2432,43341,3.954
2433,43342,3.9547
2434,43343,3.9555
2435,43344,3.9563
2436,43345,3.957
2437,43346,3.9578
2438,43347,3.9586
2439,43348,3.9593
2440,43349,3.9602
2441,43350,3.9611
2442,43351,3.9619
2443,43352,3.9628
2444,43353,3.9637
2445,43354,3.9646
2446,43355,3.9655
2447,43356,3.9664
2448,43357,3.9672
2449,43358,3.9681
2450,43359,3.969
2451,43360,3.9699
2452,43361,3.9708
2453,43362,3.9717
2454,43363,3.9725
2455,43364,3.9734
2456,43365,3.9743
2457,43366,3.9752
2458,43367,3.9761
2459,43368,3.977
2460,43369,3.9779
2461,43370,3.9787
2462,43371,3.9796
2463,43372,3.9805
2464,43373,3.9814
2465,43374,3.9823
2466,43375,3.9832
2467,43376,3.9841
2468,43377,3.9849
2469,43378,3.9858
2470,43379,3.9864
2471,43380,3.9871
2472,43381,3.9877
2473,43382,3.9884
2474,43383,3.989
2475,43384,3.9896
2476,43385,3.9903
2477,43386,3.9909
2478,43387,3.9916
2479,43388,3.9922
2480,43389,3.9929
2481,43390,3.9935
2482,43391,3.9941
2483,43392,3.9948
2484,43393,3.9954
2485,43394,3.9961
2486,43395,3.9967
2487,43396,3.9974
2488,43397,3.998
2489,43398,3.9986
2490,43399,3.9993
2491,43400,3.9999
2492,43401,4.0006
2493,43402,4.0012
2494,43403,4.0019
2495,43404,4.0025
2496,43405,4.0032
2497,43406,4.0038
2498,43407,4.0044
2499,43408,4.0051
2500,43409,4.0057
2501,43410,4.006
2502,43411,4.0063
2503,43412,4.0066
2504,43413,4.0069
2505,43414,4.0072
2506,43415,4.0075
2507,43416,4.0078
2508,43417,4.0082
2509,43418,4.0085
2510,43419,4.0088
2511,43420,4.0091
2512,43421,4.0094
2513,43422,4.0097
2514,43423,4.01
2515,43424,4.0103
2516,43425,4.0106
2517,43426,4.0109
2518,43427,4.0112
2519,43428,4.0115
2520,43429,4.0118
2521,43430,4.0121
2522,43431,4.0125
2523,43432,4.0128
2524,43433,4.0131
2525,43434,4.0134
2526,43435,4.0137
2527,43436,4.014
2528,43437,4.0143
2529,43438,4.0146
2530,43439,4.0149
2531,43440,4.0154
2532,43441,4.0158
2533,43442,4.0163
2534,43443,4.0168
2535,43444,4.0172
2536,43445,4.0177
2537,43446,4.0182
2538,43447,4.0186
2539,43448,4.0191
2540,43449,4.0196
2541,43450,4.02
2542,43451,4.0205
2543,43452,4.021
2544,43453,4.0214
2545,43454,4.0219
2546,43455,4.0224
2547,43456,4.0228
2548,43457,4.0233
2549,43458,4.0238
2550,43459,4.0242
2551,43460,4.0247
2552,43461,4.0252
2553,43462,4.0256
2554,43463,4.0261
2555,43464,4.0266
2556,43465,4.027
2557,43466,4.0275
2558,43467,4.028
2559,43468,4.0284
2560,43469,4.0289
2561,43470,4.0294
2562,43471,4.0289
2563,43472,4.0284
2564,43473,4.0279
2565,43474,4.0274
2566,43475,4.0269
2567,43476,4.0264
2568,43477,4.0259
2569,43478,4.0254
2570,43479,4.0249
2571,43480,4.0245
2572,43481,4.024
2573,43482,4.0235
2574,43483,4.023
2575,43484,4.0225
2576,43485,4.022
2577,43486,4.0215
2578,43487,4.021
2579,43488,4.0205
2580,43489,4.02
2581,43490,4.0195
2582,43491,4.019
2583,43492,4.0185
2584,43493,4.018
2585,43494,4.0175
2586,43495,4.017
2587,43496,4.0166
2588,43497,4.0161
2589,43498,4.0156
2590,43499,4.0151
2591,43500,4.0146
2592,43501,4.0141
2593,43502,4.0172
2594,43503,4.0203
2595,43504,4.0233
2596,43505,4.0264
2597,43506,4.0295
2598,43507,4.0326
2599,43508,4.0357
2600,43509,4.0388
2601,43510,4.0419
2602,43511,4.045
2603,43512,4.0481
2604,43513,4.0512
2605,43514,4.0543
2606,43515,4.0574
2607,43516,4.0605
2608,43517,4.0636
2609,43518,4.0668
2610,43519,4.0699
2611,43520,4.073
2612,43521,4.0761
2613,43522,4.0793
2614,43523,4.0824
2615,43524,4.0855
2616,43525,4.0886
2617,43526,4.0918
2618,43527,4.0949
2619,43528,4.0981
2620,43529,4.1012
2621,43530,4.1025
2622,43531,4.1038
2623,43532,4.1051
2624,43533,4.1064
2625,43534,4.1077
2626,43535,4.1089
2627,43536,4.1102
2628,43537,4.1115
2629,43538,4.1128
2630,43539,4.1141
2631,43540,4.1154
2632,43541,4.1167
2633,43542,4.118
2634,43543,4.1193
2635,43544,4.1206
2636,43545,4.1219
2637,43546,4.1232
2638,43547,4.1245
2639,43548,4.1258
2640,43549,4.1271
2641,43550,4.1284
2642,43551,4.1297
2643,43552,4.131
2644,43553,4.1323
2645,43554,4.1336
2646,43555,4.1349
2647,43556,4.1362
2648,43557,4.1375
2649,43558,4.1388
2650,43559,4.1401
2651,43560,4.1414
2652,43561,4.1422
2653,43562,4.1429
2654,43563,4.1437
2655,43564,4.1444
2656,43565,4.1452
2657,43566,4.1459
2658,43567,4.1467
2659,43568,4.1475
2660,43569,4.1482
2661,43570,4.149
2662,43571,4.1497
2663,43572,4.1505
2664,43573,4.1513
2665,43574,4.152
2666,43575,4.1528
2667,43576,4.1535
2668,43577,4.1543
2669,43578,4.1551
2670,43579,4.1558
2671,43580,4.1566
2672,43581,4.1573
2673,43582,4.1581
2674,43583,4.1589
2675,43584,4.1596
2676,43585,4.1604
2677,43586,4.1611
2678,43587,4.1619
2679,43588,4.1627
2680,43589,4.1634
2681,43590,4.1642
2682,43591,4.1648
2683,43592,4.1654
2684,43593,4.1659
2685,43594,4.1665
2686,43595,4.1671
2687,43596,4.1677
2688,43597,4.1682
2689,43598,4.1688
2690,43599,4.1694
2691,43600,4.17
2692,43601,4.1705
2693,43602,4.1711
2694,43603,4.1717
2695,43604,4.1723
2696,43605,4.1729
2697,43606,4.1734
2698,43607,4.174
2699,43608,4.1746
2700,43609,4.1752
2701,43610,4.1757
2702,43611,4.1763
2703,43612,4.1769
2704,43613,4.1775
2705,43614,4.1781
2706,43615,4.1786
2707,43616,4.1792
2708,43617,4.1798
2709,43618,4.1804
2710,43619,4.1809
2711,43620,4.1815
2712,43621,4.1821
2713,43622,4.1827
2714,43623,4.1832
2715,43624,4.1838
2716,43625,4.1843
2717,43626,4.1849
2718,43627,4.1854
2719,43628,4.186
2720,43629,4.1866
2721,43630,4.1871
2722,43631,4.1877
2723,43632,4.1882
2724,43633,4.1888
2725,43634,4.1893
2726,43635,4.1899
2727,43636,4.1905
2728,43637,4.191
2729,43638,4.1916
2730,43639,4.1921
2731,43640,4.1927
2732,43641,4.1932
2733,43642,4.1938
2734,43643,4.1944
2735,43644,4.1949
2736,43645,4.1955
2737,43646,4.196
2738,43647,4.1966
2739,43648,4.1972
2740,43649,4.1977
2741,43650,4.1983
2742,43651,4.1988
2743,43652,4.1997
2744,43653,4.2005
2745,43654,4.2014
2746,43655,4.2023
2747,43656,4.2031
2748,43657,4.204
2749,43658,4.2049
2750,43659,4.2057
2751,43660,4.2066
2752,43661,4.2074
2753,43662,4.2083
2754,43663,4.2092
2755,43664,4.21
2756,43665,4.2109
2757,43666,4.2118
2758,43667,4.2126
2759,43668,4.2135
2760,43669,4.2144
2761,43670,4.2152
2762,43671,4.2161
2763,43672,4.217
2764,43673,4.2179
2765,43674,4.2187
2766,43675,4.2196
2767,43676,4.2205
2768,43677,4.2213
2769,43678,4.2222
2770,43679,4.2231
2771,43680,4.2239
2772,43681,4.2248
2773,43682,4.2257
2774,43683,4.2267
2775,43684,4.2278
2776,43685,4.2288
2777,43686,4.2298
2778,43687,4.2309
2779,43688,4.2319
2780,43689,4.2329
2781,43690,4.234
2782,43691,4.235
2783,43692,4.236
2784,43693,4.2371
2785,43694,4.2381
2786,43695,4.2391
2787,43696,4.2402
2788,43697,4.2412
2789,43698,4.2422
2790,43699,4.2433
2791,43700,4.2443
2792,43701,4.2454
2793,43702,4.2464
2794,43703,4.2474
2795,43704,4.2485
2796,43705,4.2495
2797,43706,4.2505
2798,43707,4.2516
2799,43708,4.2526
2800,43709,4.2537
2801,43710,4.2547
2802,43711,4.2557
2803,43712,4.2568
2804,43713,4.2578
2805,43714,4.259
2806,43715,4.2603
2807,43716,4.2615
2808,43717,4.2628
2809,43718,4.264
2810,43719,4.2653
2811,43720,4.2665
2812,43721,4.2678
2813,43722,4.269
2814,43723,4.2703
2815,43724,4.2715
2816,43725,4.2727
2817,43726,4.274
2818,43727,4.2752
2819,43728,4.2765
2820,43729,4.2777
2821,43730,4.279
2822,43731,4.2802
2823,43732,4.2815
2824,43733,4.2827
2825,43734,4.284
2826,43735,4.2852
2827,43736,4.2865
2828,43737,4.2877
2829,43738,4.289
2830,43739,4.2903
2831,43740,4.2915
2832,43741,4.2928
2833,43742,4.294
2834,43743,4.2953
2835,43744,4.296
2836,43745,4.2967
2837,43746,4.2975
2838,43747,4.2982
2839,43748,4.2989
2840,43749,4.2996
2841,43750,4.3003
2842,43751,4.3011
2843,43752,4.3018
2844,43753,4.3025
2845,43754,4.3032
2846,43755,4.3039
2847,43756,4.3047
2848,43757,4.3054
2849,43758,4.3061
2850,43759,4.3068
2851,43760,4.3075
2852,43761,4.3083
2853,43762,4.309
2854,43763,4.3097
2855,43764,4.3104
2856,43765,4.3111
2857,43766,4.3119
2858,43767,4.3126
2859,43768,4.3133
2860,43769,4.314
2861,43770,4.3147
2862,43771,4.3155
2863,43772,4.3162
2864,43773,4.3169
2865,43774,4.3176
2866,43775,4.3187
2867,43776,4.3198
2868,43777,4.3208
2869,43778,4.3219
2870,43779,4.323
2871,43780,4.3241
2872,43781,4.3251
2873,43782,4.3262
2874,43783,4.3273
2875,43784,4.3284
2876,43785,4.3294
2877,43786,4.3305
2878,43787,4.3316
2879,43788,4.3327
2880,43789,4.3338
2881,43790,4.3348
2882,43791,4.3359
2883,43792,4.337
2884,43793,4.3381
2885,43794,4.3392
2886,43795,4.3402
2887,43796,4.3413
2888,43797,4.3424
2889,43798,4.3435
2890,43799,4.3446
2891,43800,4.3457
2892,43801,4.3467
2893,43802,4.3478
2894,43803,4.3489
2895,43804,4.35
2896,43805,4.3506
2897,43806,4.3512
2898,43807,4.3518
2899,43808,4.3524
2900,43809,4.3529
2901,43810,4.3535
2902,43811,4.3541
2903,43812,4.3547
2904,43813,4.3553
2905,43814,4.3559
2906,43815,4.3565
2907,43816,4.3571
2908,43817,4.3577
2909,43818,4.3582
2910,43819,4.3588
2911,43820,4.3594
2912,43821,4.36
2913,43822,4.3606
2914,43823,4.3612
2915,43824,4.3618
2916,43825,4.3624
2917,43826,4.363
2918,43827,4.3635
2919,43828,4.3641
2920,43829,4.3647
2921,43830,4.3653
2922,43831,4.3659
2923,43832,4.3665
2924,43833,4.3671
2925,43834,4.3677
2926,43835,4.3683
2927,43836,4.3683
2928,43837,4.3682
2929,43838,4.3682
2930,43839,4.3681
2931,43840,4.3681
2932,43841,4.368
2933,43842,4.368
2934,43843,4.368
2935,43844,4.3679
2936,43845,4.3679
2937,43846,4.3678
2938,43847,4.3678
2939,43848,4.3678
2940,43849,4.3677
2941,43850,4.3677
2942,43851,4.3676
2943,43852,4.3676
2944,43853,4.3675
2945,43854,4.3675
2946,43855,4.3675
2947,43856,4.3674
2948,43857,4.3674
2949,43858,4.3673
2950,43859,4.3673
2951,43860,4.3672
2952,43861,4.3672
2953,43862,4.3672
2954,43863,4.3671
2955,43864,4.3671
2956,43865,4.367
2957,43866,4.367
2958,43867,4.3701
2959,43868,4.3732
2960,43869,4.3764
2961,43870,4.3795
2962,43871,4.3826
2963,43872,4.3857
2964,43873,4.3889
2965,43874,4.392
2966,43875,4.3951
2967,43876,4.3983
2968,43877,4.4014
2969,43878,4.4045
2970,43879,4.4077
2971,43880,4.4108
2972,43881,4.414
2973,43882,4.4171
2974,43883,4.4203
2975,43884,4.4234
2976,43885,4.4266
2977,43886,4.4297
2978,43887,4.4329
2979,43888,4.4361
2980,43889,4.4392
2981,43890,4.4424
2982,43891,4.4456
2983,43892,4.4487
2984,43893,4.4519
2985,43894,4.4551
2986,43895,4.4583
2987,43896,4.4592
2988,43897,4.46
2989,43898,4.4609
2990,43899,4.4618
2991,43900,4.4627
2992,43901,4.4636
2993,43902,4.4644
2994,43903,4.4653
2995,43904,4.4662
2996,43905,4.4671
2997,43906,4.4679
2998,43907,4.4688
2999,43908,4.4697
3000,43909,4.4706
3001,43910,4.4714
3002,43911,4.4723
3003,43912,4.4732
3004,43913,4.4741
3005,43914,4.4749
3006,43915,4.4758
3007,43916,4.4767
3008,43917,4.4776
3009,43918,4.4785
3010,43919,4.4793
3011,43920,4.4802
3012,43921,4.4811
3013,43922,4.482
3014,43923,4.4829
3015,43924,4.4837
3016,43925,4.4846
3017,43926,4.4855
3018,43927,4.4875
3019,43928,4.4895
3020,43929,4.4914
3021,43930,4.4934
3022,43931,4.4954
3023,43932,4.4974
3024,43933,4.4993
3025,43934,4.5013
3026,43935,4.5033
3027,43936,4.5053
3028,43937,4.5073
3029,43938,4.5093
3030,43939,4.5113
3031,43940,4.5132
3032,43941,4.5152
3033,43942,4.5172
3034,43943,4.5192
3035,43944,4.5212
3036,43945,4.5232
3037,43946,4.5252
3038,43947,4.5272
3039,43948,4.5292
3040,43949,4.5312
3041,43950,4.5332
3042,43951,4.5352
3043,43952,4.5372
3044,43953,4.5392
3045,43954,4.5412
3046,43955,4.5432
3047,43956,4.5452
3048,43957,4.5481
3049,43958,4.551
3050,43959,4.5539
3051,43960,4.5568
3052,43961,4.5597
3053,43962,4.5627
3054,43963,4.5656
3055,43964,4.5685
3056,43965,4.5714
3057,43966,4.5743
3058,43967,4.5773
3059,43968,4.5802
3060,43969,4.5831
3061,43970,4.586
3062,43971,4.589
3063,43972,4.5919
3064,43973,4.5948
3065,43974,4.5978
3066,43975,4.6007
3067,43976,4.6036
3068,43977,4.6066
3069,43978,4.6095
3070,43979,4.6125
3071,43980,4.6154
3072,43981,4.6184
3073,43982,4.6213
3074,43983,4.6243
3075,43984,4.6272
3076,43985,4.6302
3077,43986,4.6331
3078,43987,4.6361
3079,43988,4.637
3080,43989,4.6379
3081,43990,4.6387
3082,43991,4.6396
3083,43992,4.6405
3084,43993,4.6414
3085,43994,4.6423
3086,43995,4.6431
3087,43996,4.644
3088,43997,4.6449
3089,43998,4.6458
3090,43999,4.6467
3091,44000,4.6475
3092,44001,4.6484
3093,44002,4.6493
3094,44003,4.6502
3095,44004,4.6511
3096,44005,4.6519
3097,44006,4.6528
3098,44007,4.6537
3099,44008,4.6546
3100,44009,4.6555
3101,44010,4.6563
3102,44011,4.6572
3103,44012,4.6581
3104,44013,4.659
3105,44014,4.6599
3106,44015,4.6608
3107,44016,4.6616
3108,44017,4.6625
3109,44018,4.6625
3110,44019,4.6626
3111,44020,4.6626
3112,44021,4.6626
3113,44022,4.6627
3114,44023,4.6627
3115,44024,4.6627
3116,44025,4.6627
3117,44026,4.6628
3118,44027,4.6628
3119,44028,4.6628
3120,44029,4.6629
3121,44030,4.6629
3122,44031,4.6629
3123,44032,4.663
3124,44033,4.663
3125,44034,4.663
3126,44035,4.663
3127,44036,4.6631
3128,44037,4.6631
3129,44038,4.6631
3130,44039,4.6632
3131,44040,4.6632
3132,44041,4.6632
3133,44042,4.6633
3134,44043,4.6633
3135,44044,4.6633
3136,44045,4.6633
3137,44046,4.6634
3138,44047,4.6634
3139,44048,4.6634
3140,44049,4.6642
3141,44050,4.6651
3142,44051,4.6659
3143,44052,4.6667
3144,44053,4.6675
3145,44054,4.6684
3146,44055,4.6692
3147,44056,4.67
3148,44057,4.6708
3149,44058,4.6717
3150,44059,4.6725
3151,44060,4.6733
3152,44061,4.6741
3153,44062,4.675
3154,44063,4.6758
3155,44064,4.6766
3156,44065,4.6774
3157,44066,4.6783
3158,44067,4.6791
3159,44068,4.6799
3160,44069,4.6808
3161,44070,4.6816
3162,44071,4.6824
3163,44072,4.6832
3164,44073,4.6841
3165,44074,4.6849
3166,44075,4.6857
3167,44076,4.6866
3168,44077,4.6874
3169,44078,4.6882
3170,44079,4.689
3171,44080,4.6899
3172,44081,4.6908
3173,44082,4.6917
3174,44083,4.6926
3175,44084,4.6934
3176,44085,4.6943
3177,44086,4.6952
3178,44087,4.6961
3179,44088,4.697
3180,44089,4.6979
3181,44090,4.6988
3182,44091,4.6997
3183,44092,4.7006
3184,44093,4.7015
3185,44094,4.7023
3186,44095,4.7032
3187,44096,4.7041
3188,44097,4.705
3189,44098,4.7059
3190,44099,4.7068
3191,44100,4.7077
3192,44101,4.7086
3193,44102,4.7095
3194,44103,4.7104
3195,44104,4.7113
3196,44105,4.7122
3197,44106,4.713
3198,44107,4.7139
3199,44108,4.7148
3200,44109,4.7157
3201,44110,4.7167
3202,44111,4.7176
3203,44112,4.7186
3204,44113,4.7196
3205,44114,4.7206
3206,44115,4.7215
3207,44116,4.7225
3208,44117,4.7235
3209,44118,4.7244
3210,44119,4.7254
3211,44120,4.7264
3212,44121,4.7274
3213,44122,4.7283
3214,44123,4.7293
3215,44124,4.7303
3216,44125,4.7313
3217,44126,4.7322
3218,44127,4.7332
3219,44128,4.7342
3220,44129,4.7351
3221,44130,4.7361
3222,44131,4.7371
3223,44132,4.7381
3224,44133,4.739
3225,44134,4.74
3226,44135,4.741
3227,44136,4.742
3228,44137,4.743
3229,44138,4.7439
3230,44139,4.7449
3231,44140,4.7459
3232,44141,4.7468
3233,44142,4.7477
3234,44143,4.7486
3235,44144,4.7496
3236,44145,4.7505
3237,44146,4.7514
3238,44147,4.7523
3239,44148,4.7532
3240,44149,4.7541
3241,44150,4.7551
3242,44151,4.756
3243,44152,4.7569
3244,44153,4.7578
3245,44154,4.7587
3246,44155,4.7596
3247,44156,4.7606
3248,44157,4.7615
3249,44158,4.7624
3250,44159,4.7633
3251,44160,4.7642
3252,44161,4.7652
3253,44162,4.7661
3254,44163,4.767
3255,44164,4.7679
3256,44165,4.7688
3257,44166,4.7697
3258,44167,4.7707
3259,44168,4.7716
3260,44169,4.7725
3261,44170,4.7734
3262,44171,4.7738
3263,44172,4.7743
3264,44173,4.7747
3265,44174,4.7751
3266,44175,4.7756
3267,44176,4.776
3268,44177,4.7764
3269,44178,4.7768
3270,44179,4.7773
3271,44180,4.7777
3272,44181,4.7781
3273,44182,4.7786
3274,44183,4.779
3275,44184,4.7794
3276,44185,4.7799
3277,44186,4.7803
3278,44187,4.7807
3279,44188,4.7812
3280,44189,4.7816
3281,44190,4.782
3282,44191,4.7824
3283,44192,4.7829
3284,44193,4.7833
3285,44194,4.7837
3286,44195,4.7842
3287,44196,4.7846
3288,44197,4.785
3289,44198,4.7855
3290,44199,4.7859
3291,44200,4.7863
3292,44201,4.7868
3293,44202,4.7865
3294,44203,4.7862
3295,44204,4.7859
3296,44205,4.7856
3297,44206,4.7853
3298,44207,4.785
3299,44208,4.7847
3300,44209,4.7845
3301,44210,4.7842
3302,44211,4.7839
3303,44212,4.7836
3304,44213,4.7833
3305,44214,4.783
3306,44215,4.7827
3307,44216,4.7824
3308,44217,4.7821
3309,44218,4.7818
3310,44219,4.7815
3311,44220,4.7812
3312,44221,4.7809
3313,44222,4.7806
3314,44223,4.7803
3315,44224,4.7801
3316,44225,4.7798
3317,44226,4.7795
3318,44227,4.7792
3319,44228,4.7789
3320,44229,4.7786
3321,44230,4.7783
3322,44231,4.778
3323,44232,4.7777
3324,44233,4.7804
3325,44234,4.7831
3326,44235,4.7858
3327,44236,4.7885
3328,44237,4.7913
3329,44238,4.794
3330,44239,4.7967
3331,44240,4.7994
3332,44241,4.8021
3333,44242,4.8049
3334,44243,4.8076
3335,44244,4.8103
3336,44245,4.813
3337,44246,4.8158
3338,44247,4.8185
3339,44248,4.8212
3340,44249,4.824
3341,44250,4.8267
3342,44251,4.8294
3343,44252,4.8322
3344,44253,4.8349
3345,44254,4.8377
3346,44255,4.8404
3347,44256,4.8431
3348,44257,4.8459
3349,44258,4.8486
3350,44259,4.8514
3351,44260,4.8541
3352,44261,4.8554
3353,44262,4.8567
3354,44263,4.8579
3355,44264,4.8592
3356,44265,4.8605
3357,44266,4.8618
3358,44267,4.8631
3359,44268,4.8643
3360,44269,4.8656
3361,44270,4.8669
3362,44271,4.8682
3363,44272,4.8695
3364,44273,4.8708
3365,44274,4.872
3366,44275,4.8733
3367,44276,4.8746
3368,44277,4.8759
3369,44278,4.8772
3370,44279,4.8785
3371,44280,4.8797
3372,44281,4.881
3373,44282,4.8823
3374,44283,4.8836
3375,44284,4.8849
3376,44285,4.8862
3377,44286,4.8875
3378,44287,4.8887
3379,44288,4.89
3380,44289,4.8913
3381,44290,4.8926
3382,44291,4.8939
3383,44292,4.8949
3384,44293,4.8959
3385,44294,4.8969
3386,44295,4.8979
3387,44296,4.8989
3388,44297,4.9
3389,44298,4.901
3390,44299,4.902
3391,44300,4.903
3392,44301,4.904
3393,44302,4.905
3394,44303,4.906
3395,44304,4.907
3396,44305,4.908
3397,44306,4.909
3398,44307,4.9101
3399,44308,4.9111
3400,44309,4.9121
3401,44310,4.9131
3402,44311,4.9141
3403,44312,4.9151
3404,44313,4.9161
3405,44314,4.9171
3406,44315,4.9182
3407,44316,4.9192
3408,44317,4.9202
3409,44318,4.9212
3410,44319,4.9222
3411,44320,4.9232
3412,44321,4.9242
3413,44322,4.925
3414,44323,4.9258
3415,44324,4.9266
3416,44325,4.9274
3417,44326,4.9282
3418,44327,4.929
3419,44328,4.9297
3420,44329,4.9305
3421,44330,4.9313
3422,44331,4.9321
3423,44332,4.9329
3424,44333,4.9337
3425,44334,4.9345
3426,44335,4.9353
3427,44336,4.9361
3428,44337,4.9369
3429,44338,4.9377
3430,44339,4.9385
3431,44340,4.9393
3432,44341,4.9401
3433,44342,4.9409
3434,44343,4.9417
3435,44344,4.9425
3436,44345,4.9433
3437,44346,4.944
3438,44347,4.9448
3439,44348,4.9456
3440,44349,4.9464
3441,44350,4.9472
3442,44351,4.948
3443,44352,4.9488
3444,44353,4.9496
3445,44354,4.9503
3446,44355,4.9511
3447,44356,4.9518
3448,44357,4.9526
3449,44358,4.9533
3450,44359,4.9541
3451,44360,4.9549
3452,44361,4.9556
3453,44362,4.9564
3454,44363,4.9571
3455,44364,4.9579
3456,44365,4.9587
3457,44366,4.9594
3458,44367,4.9602
3459,44368,4.9609
3460,44369,4.9617
3461,44370,4.9624
3462,44371,4.9632
3463,44372,4.964
3464,44373,4.9647
3465,44374,4.9655
3466,44375,4.9662
3467,44376,4.967
3468,44377,4.9678
3469,44378,4.9685
3470,44379,4.9693
3471,44380,4.97
3472,44381,4.9708
3473,44382,4.9716
3474,44383,4.9727
3475,44384,4.9737
3476,44385,4.9748
3477,44386,4.9759
3478,44387,4.977
3479,44388,4.978
3480,44389,4.9791
3481,44390,4.9802
3482,44391,4.9812
3483,44392,4.9823
3484,44393,4.9834
3485,44394,4.9845
3486,44395,4.9855
3487,44396,4.9866
3488,44397,4.9877
3489,44398,4.9888
3490,44399,4.9898
3491,44400,4.9909
3492,44401,4.992
3493,44402,4.9931
3494,44403,4.9941
3495,44404,4.9952
3496,44405,4.9963
3497,44406,4.9974
3498,44407,4.9984
3499,44408,4.9995
3500,44409,5.0006
3501,44410,5.0017
3502,44411,5.0028
3503,44412,5.0038
3504,44413,5.0049
3505,44414,5.0057
3506,44415,5.0066
3507,44416,5.0074
3508,44417,5.0083
3509,44418,5.0091
3510,44419,5.0099
3511,44420,5.0108
3512,44421,5.0116
3513,44422,5.0124
3514,44423,5.0133
3515,44424,5.0141
3516,44425,5.015
3517,44426,5.0158
3518,44427,5.0166
3519,44428,5.0175
3520,44429,5.0183
3521,44430,5.0192
3522,44431,5.02
3523,44432,5.0208
3524,44433,5.0217
3525,44434,5.0225
3526,44435,5.0234
3527,44436,5.0242
3528,44437,5.025
3529,44438,5.0259
3530,44439,5.0267
3531,44440,5.0276
3532,44441,5.0284
3533,44442,5.0292
3534,44443,5.0301
3535,44444,5.0309
3536,44445,5.0323
3537,44446,5.0337
3538,44447,5.0352
3539,44448,5.0366
3540,44449,5.038
3541,44450,5.0394
3542,44451,5.0408
3543,44452,5.0423
3544,44453,5.0437
3545,44454,5.0451
3546,44455,5.0465
3547,44456,5.048
3548,44457,5.0494
3549,44458,5.0508
3550,44459,5.0522
3551,44460,5.0537
3552,44461,5.0551
3553,44462,5.0565
3554,44463,5.0579
3555,44464,5.0594
3556,44465,5.0608
3557,44466,5.0622
3558,44467,5.0637
3559,44468,5.0651
3560,44469,5.0665
3561,44470,5.0679
3562,44471,5.0694
3563,44472,5.0708
3564,44473,5.0722
3565,44474,5.0737
3566,44475,5.0745
3567,44476,5.0752
3568,44477,5.076
3569,44478,5.0767
3570,44479,5.0775
3571,44480,5.0782
3572,44481,5.079
3573,44482,5.0797
3574,44483,5.0805
3575,44484,5.0812
3576,44485,5.082
3577,44486,5.0827
3578,44487,5.0835
3579,44488,5.0842
3580,44489,5.085
3581,44490,5.0857
3582,44491,5.0865
3583,44492,5.0872
3584,44493,5.088
3585,44494,5.0887
3586,44495,5.0895
3587,44496,5.0903
3588,44497,5.091
3589,44498,5.0918
3590,44499,5.0925
3591,44500,5.0933
3592,44501,5.094
3593,44502,5.0948
3594,44503,5.0955
3595,44504,5.0963
3596,44505,5.097
3597,44506,5.0988
3598,44507,5.1005
3599,44508,5.1023
3600,44509,5.104
3601,44510,5.1058
3602,44511,5.1076
3603,44512,5.1093
3604,44513,5.1111
3605,44514,5.1128
3606,44515,5.1146
3607,44516,5.1164
3608,44517,5.1181
3609,44518,5.1199
3610,44519,5.1217
3611,44520,5.1234
3612,44521,5.1252
3613,44522,5.127
3614,44523,5.1287
3615,44524,5.1305
3616,44525,5.1323
3617,44526,5.134
3618,44527,5.1358
3619,44528,5.1376
3620,44529,5.1394
3621,44530,5.1411
3622,44531,5.1429
3623,44532,5.1447
3624,44533,5.1465
3625,44534,5.1482
3626,44535,5.15
3627,44536,5.1504
3628,44537,5.1508
3629,44538,5.1512
3630,44539,5.1517
3631,44540,5.1521
3632,44541,5.1525
3633,44542,5.1529
3634,44543,5.1533
3635,44544,5.1537
3636,44545,5.1541
3637,44546,5.1546
3638,44547,5.155
3639,44548,5.1554
3640,44549,5.1558
3641,44550,5.1562
3642,44551,5.1566
3643,44552,5.1571
3644,44553,5.1575
3645,44554,5.1579
3646,44555,5.1583
3647,44556,5.1587
3648,44557,5.1591
3649,44558,5.1595
3650,44559,5.16
3651,44560,5.1604
3652,44561,5.1608
3653,44562,5.1612
3654,44563,5.1616
3655,44564,5.162
3656,44565,5.1625
3657,44566,5.1629
3658,44567,5.1627
3659,44568,5.1626
3660,44569,5.1624
3661,44570,5.1622
3662,44571,5.1621
3663,44572,5.1619
3664,44573,5.1617
3665,44574,5.1616
3666,44575,5.1614
3667,44576,5.1612
3668,44577,5.1611
3669,44578,5.1609
3670,44579,5.1607
3671,44580,5.1606
3672,44581,5.1604
3673,44582,5.1602
3674,44583,5.1601
3675,44584,5.1599
3676,44585,5.1597
3677,44586,5.1596
3678,44587,5.1594
3679,44588,5.1592
3680,44589,5.1591
3681,44590,5.1589
3682,44591,5.1587
3683,44592,5.1586
3684,44593,5.1584
3685,44594,5.1582
3686,44595,5.1581
3687,44596,5.1579
3688,44597,5.1577
3689,44598,5.161
3690,44599,5.1642
3691,44600,5.1675
3692,44601,5.1707
3693,44602,5.174
3694,44603,5.1772
3695,44604,5.1805
3696,44605,5.1838
3697,44606,5.187
3698,44607,5.1903
3699,44608,5.1936
3700,44609,5.1968
3701,44610,5.2001
3702,44611,5.2034
3703,44612,5.2067
3704,44613,5.21
3705,44614,5.2132
3706,44615,5.2165
3707,44616,5.2198
3708,44617,5.2231
3709,44618,5.2264
3710,44619,5.2297
3711,44620,5.233
3712,44621,5.2363
3713,44622,5.2396
3714,44623,5.2429
3715,44624,5.2462
3716,44625,5.2495
3717,44626,5.252
3718,44627,5.2544
3719,44628,5.2569
3720,44629,5.2594
3721,44630,5.2619
3722,44631,5.2643
3723,44632,5.2668
3724,44633,5.2693
3725,44634,5.2718
3726,44635,5.2743
3727,44636,5.2768
3728,44637,5.2792
3729,44638,5.2817
3730,44639,5.2842
3731,44640,5.2867
3732,44641,5.2892
3733,44642,5.2917
3734,44643,5.2942
3735,44644,5.2967
3736,44645,5.2992
3737,44646,5.3017
3738,44647,5.3041
3739,44648,5.3066
3740,44649,5.3091
3741,44650,5.3116
3742,44651,5.3141
3743,44652,5.3166
3744,44653,5.3192
3745,44654,5.3217
3746,44655,5.3242
3747,44656,5.3267
3748,44657,5.3287
3749,44658,5.3306
3750,44659,5.3326
3751,44660,5.3345
3752,44661,5.3365
3753,44662,5.3385
3754,44663,5.3404
3755,44664,5.3424
3756,44665,5.3444
3757,44666,5.3463
3758,44667,5.3483
3759,44668,5.3503
3760,44669,5.3522
3761,44670,5.3542
3762,44671,5.3562
3763,44672,5.3582
3764,44673,5.3601
3765,44674,5.3621
3766,44675,5.3641
3767,44676,5.366
3768,44677,5.368
3769,44678,5.37
3770,44679,5.372
3771,44680,5.3739
3772,44681,5.3759
3773,44682,5.3779
3774,44683,5.3799
3775,44684,5.3819
3776,44685,5.3838
3777,44686,5.3858
3778,44687,5.3866
3779,44688,5.3875
3780,44689,5.3883
3781,44690,5.3892
3782,44691,5.39
3783,44692,5.3909
3784,44693,5.3917
3785,44694,5.3926
3786,44695,5.3934
3787,44696,5.3943
3788,44697,5.3951
3789,44698,5.396
3790,44699,5.3969
3791,44700,5.3977
3792,44701,5.3986
3793,44702,5.3994
3794,44703,5.4003
3795,44704,5.4011
3796,44705,5.402
3797,44706,5.4028
3798,44707,5.4037
3799,44708,5.4045
3800,44709,5.4054
